<?xml version="1.0" encoding="utf-8"?>
<manifest identifier="MAN67ed89a8740f54c5ff2d069af4cd06d5" xmlns="http://www.imsglobal.org/xsd/imscc/imscp_v1p1" xmlns:educommons="http://cosl.usu.edu/xsd/eduCommonsv1.2" xmlns:lom="http://ltsc.ieee.org/xsd/LOM" xmlns:lomimscc="http://ltsc.ieee.org/xsd/imscc/LOM" xmlns:version="2009-12-09 06:07:02" xmlns:xsi="http://www.w3.org/2001/XMLSchema-instance" xsi:schemaLocation="http://cosl.usu.edu/xsd/eduCommonsv1.2 http://cosl.usu.edu/xsd/eduCommonsv1.2.xsd http://www.imsglobal.org/xsd/imscc/imscp_v1p1 http://www.imsglobal.org/profile/cc/ccv1p0/derived_schema/imscp_v1p2_localised.xsd http://ltsc.ieee.org/xsd/LOM http://www.imsglobal.org/profile/cc/ccv1p0/derived_schema/domainProfile_2/lomLoose_localised.xsd http://ltsc.ieee.org/xsd/imscc/LOM http://www.imsglobal.org/profile/cc/ccv1p0/derived_schema/domainProfile_1/lomLoose_localised.xsd"><metadata><schema>IMS Common Cartridge</schema><schemaversion>1.0.0</schemaversion><lom xmlns="http://ltsc.ieee.org/xsd/imscc/LOM"><general><identifier><catalog>http://localhost:8080/eduCommons</catalog><entry>Error_Control_Coding</entry></identifier><title><string xml:lang="en">Error Control Coding</string></title><language>en</language><description><string xml:lang="en">We will explore the theoretical and historical motivation behind modern error control coding, particularly algebraic block coding. Linear codes, both block and convolutional, will be introduced, followed by a description of the algebraic tools necessary to describe and implement Reed-Solomon codes. Modern algrebraic concepts including Galois fields will be presented, along with circuit implementations. Also, convolutional codes and trellis-coded modulation will be covered, along with the Viterbi algorithm for decoding. Low-density parity check codes and Turbo codes will be covered, as time permits. Much of the learning will be expressed in formal (theorem/proof) format to develop rigor.</string></description><keyword><string xml:lang="en">control</string><string xml:lang="en">coding</string><string xml:lang="en">engineering</string><string xml:lang="en">computer</string><string xml:lang="en">electrical</string><string xml:lang="en">error</string></keyword></general></lom></metadata><organizations><organization identifier="ORG67ed89a8740f54c5ff2d069af4cd06d5" structure="rooted-hierarchy"><item identifier="SHL67ed89a8740f54c5ff2d069af4cd06d5"><item identifier="ITM88cea3247e3c723e9858f7bbf81142e6" identifierref="RES88cea3247e3c723e9858f7bbf81142e6"><title>Homework</title></item><item identifier="ITM8f1f1283a53deb07e8a56dcc5bfdc430" identifierref="RES8f1f1283a53deb07e8a56dcc5bfdc430"><title>Schedule</title></item><item identifier="ITM24add5b96f02dbdadcfa9125b226b9da" identifierref="RES24add5b96f02dbdadcfa9125b226b9da"><title>About the Professor</title></item><item identifier="ITM0d76d259320a2044038ae779fd160382" identifierref="RES0d76d259320a2044038ae779fd160382"><title>Syllabus</title></item><item identifier="ITM67ed89a8740f54c5ff2d069af4cd06d5" identifierref="RES67ed89a8740f54c5ff2d069af4cd06d5"><title>Error Control Coding</title></item></item></organization></organizations><resources><resource href="Error_Control_Coding/lecture10.ps" identifier="RES473f2cc607ab33a73dd5d402ebe966fd" type="webcontent"><metadata><lom xmlns="http://ltsc.ieee.org/xsd/LOM"><general><identifier><catalog>http://localhost:8080/eduCommons/</catalog><entry>lecture10.ps</entry></identifier><title><string xml:lang="en">lecture10.ps</string></title><language>en</language></general><lifeCycle><contribute><role><source>LOMv1.0</source><value>author</value></role><entity>BEGIN:VCARD
FN:admin
END:VCARD</entity><date><dateTime>2008-01-31T21:03:58</dateTime></date></contribute></lifeCycle><metaMetadata><identifier><catalog>http://localhost:8080/eduCommons/,ocw@cosl.usu.edu</catalog><entry>lecture10.ps</entry></identifier><language>en</language></metaMetadata><technical><format>application/postscript</format><size>64783</size><location>http://localhost:8080/eduCommons/Electrical_and_Computer_Engineering/Error_Control_Coding/lecture10.ps</location></technical><rights><copyrightAndOtherRestrictions><source>LOMv1.0</source><value>yes</value></copyrightAndOtherRestrictions></rights><eduCommons xmlns="http://cosl.usu.edu/xsd/eduCommonsv1.2"><objectType>File</objectType><license category="Site Default"/><clearedCopyright>true</clearedCopyright><accessible>false</accessible></eduCommons></lom></metadata><file href="Error_Control_Coding/lecture10.ps"/></resource><resource href="Error_Control_Coding/lecture1.ps" identifier="RESd4348baca5002a01f0db9b85f1808442" type="webcontent"><metadata><lom xmlns="http://ltsc.ieee.org/xsd/LOM"><general><identifier><catalog>http://localhost:8080/eduCommons/</catalog><entry>lecture1.ps</entry></identifier><title><string xml:lang="en">lecture1.ps</string></title><language>en</language></general><lifeCycle><contribute><role><source>LOMv1.0</source><value>author</value></role><entity>BEGIN:VCARD
FN:admin
END:VCARD</entity><date><dateTime>2008-01-31T21:03:58</dateTime></date></contribute></lifeCycle><metaMetadata><identifier><catalog>http://localhost:8080/eduCommons/,ocw@cosl.usu.edu</catalog><entry>lecture1.ps</entry></identifier><language>en</language></metaMetadata><technical><format>application/postscript</format><size>89948</size><location>http://localhost:8080/eduCommons/Electrical_and_Computer_Engineering/Error_Control_Coding/lecture1.ps</location></technical><rights><copyrightAndOtherRestrictions><source>LOMv1.0</source><value>yes</value></copyrightAndOtherRestrictions></rights><eduCommons xmlns="http://cosl.usu.edu/xsd/eduCommonsv1.2"><objectType>File</objectType><license category="Site Default"/><clearedCopyright>true</clearedCopyright><accessible>false</accessible></eduCommons></lom></metadata><file href="Error_Control_Coding/lecture1.ps"/></resource><resource href="Error_Control_Coding/lecture2.ps" identifier="RESee8cdd6924e17a37b32901812ba1f88f" type="webcontent"><metadata><lom xmlns="http://ltsc.ieee.org/xsd/LOM"><general><identifier><catalog>http://localhost:8080/eduCommons/</catalog><entry>lecture2.ps</entry></identifier><title><string xml:lang="en">lecture2.ps</string></title><language>en</language></general><lifeCycle><contribute><role><source>LOMv1.0</source><value>author</value></role><entity>BEGIN:VCARD
FN:admin
END:VCARD</entity><date><dateTime>2008-01-31T21:03:58</dateTime></date></contribute></lifeCycle><metaMetadata><identifier><catalog>http://localhost:8080/eduCommons/,ocw@cosl.usu.edu</catalog><entry>lecture2.ps</entry></identifier><language>en</language></metaMetadata><technical><format>application/postscript</format><size>139253</size><location>http://localhost:8080/eduCommons/Electrical_and_Computer_Engineering/Error_Control_Coding/lecture2.ps</location></technical><rights><copyrightAndOtherRestrictions><source>LOMv1.0</source><value>yes</value></copyrightAndOtherRestrictions></rights><eduCommons xmlns="http://cosl.usu.edu/xsd/eduCommonsv1.2"><objectType>File</objectType><license category="Site Default"/><clearedCopyright>true</clearedCopyright><accessible>false</accessible></eduCommons></lom></metadata><file href="Error_Control_Coding/lecture2.ps"/></resource><resource href="Error_Control_Coding/lecture7.pdf" identifier="RESf9c4fd2b9209cf5a17e528d3e537950e" type="webcontent"><metadata><lom xmlns="http://ltsc.ieee.org/xsd/LOM"><general><identifier><catalog>http://localhost:8080/eduCommons/</catalog><entry>lecture7.pdf</entry></identifier><title><string xml:lang="en">lecture7.pdf</string></title><language>en</language></general><lifeCycle><contribute><role><source>LOMv1.0</source><value>author</value></role><entity>BEGIN:VCARD
FN:admin
END:VCARD</entity><date><dateTime>2008-01-31T21:03:58</dateTime></date></contribute></lifeCycle><metaMetadata><identifier><catalog>http://localhost:8080/eduCommons/,ocw@cosl.usu.edu</catalog><entry>lecture7.pdf</entry></identifier><language>en</language></metaMetadata><technical><format>application/pdf</format><size>151312</size><location>http://localhost:8080/eduCommons/Electrical_and_Computer_Engineering/Error_Control_Coding/lecture7.pdf</location></technical><rights><copyrightAndOtherRestrictions><source>LOMv1.0</source><value>yes</value></copyrightAndOtherRestrictions></rights><eduCommons xmlns="http://cosl.usu.edu/xsd/eduCommonsv1.2"><objectType>File</objectType><license category="Site Default"/><clearedCopyright>true</clearedCopyright><accessible>false</accessible></eduCommons></lom></metadata><file href="Error_Control_Coding/lecture7.pdf"/></resource><resource href="Error_Control_Coding/lecture9.pdf" identifier="RES32411d430c45d9b4aee7e5a1da88cb65" type="webcontent"><metadata><lom xmlns="http://ltsc.ieee.org/xsd/LOM"><general><identifier><catalog>http://localhost:8080/eduCommons/</catalog><entry>lecture9.pdf</entry></identifier><title><string xml:lang="en">lecture9.pdf</string></title><language>en</language></general><lifeCycle><contribute><role><source>LOMv1.0</source><value>author</value></role><entity>BEGIN:VCARD
FN:admin
END:VCARD</entity><date><dateTime>2008-01-31T21:03:58</dateTime></date></contribute></lifeCycle><metaMetadata><identifier><catalog>http://localhost:8080/eduCommons/,ocw@cosl.usu.edu</catalog><entry>lecture9.pdf</entry></identifier><language>en</language></metaMetadata><technical><format>application/pdf</format><size>127314</size><location>http://localhost:8080/eduCommons/Electrical_and_Computer_Engineering/Error_Control_Coding/lecture9.pdf</location></technical><rights><copyrightAndOtherRestrictions><source>LOMv1.0</source><value>yes</value></copyrightAndOtherRestrictions></rights><eduCommons xmlns="http://cosl.usu.edu/xsd/eduCommonsv1.2"><objectType>File</objectType><license category="Site Default"/><clearedCopyright>true</clearedCopyright><accessible>false</accessible></eduCommons></lom></metadata><file href="Error_Control_Coding/lecture9.pdf"/></resource><resource href="Error_Control_Coding/lecture4.pdf" identifier="RES8b363205c63f410467de7957033c6981" type="webcontent"><metadata><lom xmlns="http://ltsc.ieee.org/xsd/LOM"><general><identifier><catalog>http://localhost:8080/eduCommons/</catalog><entry>lecture4.pdf</entry></identifier><title><string xml:lang="en">lecture4.pdf</string></title><language>en</language></general><lifeCycle><contribute><role><source>LOMv1.0</source><value>author</value></role><entity>BEGIN:VCARD
FN:admin
END:VCARD</entity><date><dateTime>2008-01-31T21:03:58</dateTime></date></contribute></lifeCycle><metaMetadata><identifier><catalog>http://localhost:8080/eduCommons/,ocw@cosl.usu.edu</catalog><entry>lecture4.pdf</entry></identifier><language>en</language></metaMetadata><technical><format>application/pdf</format><size>189608</size><location>http://localhost:8080/eduCommons/Electrical_and_Computer_Engineering/Error_Control_Coding/lecture4.pdf</location></technical><rights><copyrightAndOtherRestrictions><source>LOMv1.0</source><value>yes</value></copyrightAndOtherRestrictions></rights><eduCommons xmlns="http://cosl.usu.edu/xsd/eduCommonsv1.2"><objectType>File</objectType><license category="Site Default"/><clearedCopyright>true</clearedCopyright><accessible>false</accessible></eduCommons></lom></metadata><file href="Error_Control_Coding/lecture4.pdf"/></resource><resource href="Error_Control_Coding/lecture8.pdf" identifier="RES340eee11609ce585cdaa0b40fa1eedd7" type="webcontent"><metadata><lom xmlns="http://ltsc.ieee.org/xsd/LOM"><general><identifier><catalog>http://localhost:8080/eduCommons/</catalog><entry>lecture8.pdf</entry></identifier><title><string xml:lang="en">lecture8.pdf</string></title><language>en</language></general><lifeCycle><contribute><role><source>LOMv1.0</source><value>author</value></role><entity>BEGIN:VCARD
FN:admin
END:VCARD</entity><date><dateTime>2008-01-31T21:03:58</dateTime></date></contribute></lifeCycle><metaMetadata><identifier><catalog>http://localhost:8080/eduCommons/,ocw@cosl.usu.edu</catalog><entry>lecture8.pdf</entry></identifier><language>en</language></metaMetadata><technical><format>application/pdf</format><size>105972</size><location>http://localhost:8080/eduCommons/Electrical_and_Computer_Engineering/Error_Control_Coding/lecture8.pdf</location></technical><rights><copyrightAndOtherRestrictions><source>LOMv1.0</source><value>yes</value></copyrightAndOtherRestrictions></rights><eduCommons xmlns="http://cosl.usu.edu/xsd/eduCommonsv1.2"><objectType>File</objectType><license category="Site Default"/><clearedCopyright>true</clearedCopyright><accessible>false</accessible></eduCommons></lom></metadata><file href="Error_Control_Coding/lecture8.pdf"/></resource><resource href="Error_Control_Coding/Homework_1.html" identifier="RES1d9c1c922c44afc870a17c02ec993eec" type="webcontent"><metadata><lom xmlns="http://ltsc.ieee.org/xsd/LOM"><general><identifier><catalog>http://localhost:8080/eduCommons/</catalog><entry>Homework_1.html</entry></identifier><title><string xml:lang="en">Homework 1</string></title><language>en</language></general><lifeCycle><contribute><role><source>LOMv1.0</source><value>author</value></role><entity>BEGIN:VCARD
FN:admin
END:VCARD</entity><date><dateTime>2008-01-31T21:03:58</dateTime></date></contribute></lifeCycle><metaMetadata><identifier><catalog>http://localhost:8080/eduCommons/,ocw@cosl.usu.edu</catalog><entry>Homework_1.html</entry></identifier><language>en</language></metaMetadata><technical><format>text/html</format><size>415</size><location>http://localhost:8080/eduCommons/Electrical_and_Computer_Engineering/Error_Control_Coding/Homework_1.html</location></technical><rights><copyrightAndOtherRestrictions><source>LOMv1.0</source><value>yes</value></copyrightAndOtherRestrictions></rights><eduCommons xmlns="http://cosl.usu.edu/xsd/eduCommonsv1.2"><objectType>Document</objectType><license category="Site Default"/><clearedCopyright>true</clearedCopyright><accessible>false</accessible></eduCommons></lom></metadata><file href="Error_Control_Coding/Homework_1.html"/></resource><resource href="Error_Control_Coding/lecture1.pdf" identifier="RES774d9764d9816ab197f774952f0d5255" type="webcontent"><metadata><lom xmlns="http://ltsc.ieee.org/xsd/LOM"><general><identifier><catalog>http://localhost:8080/eduCommons/</catalog><entry>lecture1.pdf</entry></identifier><title><string xml:lang="en">lecture1.pdf</string></title><language>en</language></general><lifeCycle><contribute><role><source>LOMv1.0</source><value>author</value></role><entity>BEGIN:VCARD
FN:admin
END:VCARD</entity><date><dateTime>2008-01-31T21:03:58</dateTime></date></contribute></lifeCycle><metaMetadata><identifier><catalog>http://localhost:8080/eduCommons/,ocw@cosl.usu.edu</catalog><entry>lecture1.pdf</entry></identifier><language>en</language></metaMetadata><technical><format>application/pdf</format><size>94855</size><location>http://localhost:8080/eduCommons/Electrical_and_Computer_Engineering/Error_Control_Coding/lecture1.pdf</location></technical><rights><copyrightAndOtherRestrictions><source>LOMv1.0</source><value>yes</value></copyrightAndOtherRestrictions></rights><eduCommons xmlns="http://cosl.usu.edu/xsd/eduCommonsv1.2"><objectType>File</objectType><license category="Site Default"/><clearedCopyright>true</clearedCopyright><accessible>false</accessible></eduCommons></lom></metadata><file href="Error_Control_Coding/lecture1.pdf"/></resource><resource href="Error_Control_Coding/img4.png" identifier="RESd093392d4b4ab0e464a2301d1c255d3a" type="webcontent"><metadata><lom xmlns="http://ltsc.ieee.org/xsd/LOM"><general><identifier><catalog>http://localhost:8080/eduCommons/</catalog><entry>img4.png</entry></identifier><title><string xml:lang="en">img4.png</string></title><language>en</language></general><lifeCycle><contribute><role><source>LOMv1.0</source><value>author</value></role><entity>BEGIN:VCARD
FN:admin
END:VCARD</entity><date><dateTime>2008-01-31T21:03:58</dateTime></date></contribute></lifeCycle><metaMetadata><identifier><catalog>http://localhost:8080/eduCommons/,ocw@cosl.usu.edu</catalog><entry>img4.png</entry></identifier><language>en</language></metaMetadata><technical><format>image/png</format><size>224</size><location>http://localhost:8080/eduCommons/Electrical_and_Computer_Engineering/Error_Control_Coding/img4.png</location></technical><rights><copyrightAndOtherRestrictions><source>LOMv1.0</source><value>yes</value></copyrightAndOtherRestrictions></rights><eduCommons xmlns="http://cosl.usu.edu/xsd/eduCommonsv1.2"><objectType>Image</objectType><license category="Site Default"/><clearedCopyright>true</clearedCopyright><accessible>false</accessible></eduCommons></lom></metadata><file href="Error_Control_Coding/img4.png"/></resource><resource href="Error_Control_Coding/Homework.html" identifier="RES88cea3247e3c723e9858f7bbf81142e6" type="webcontent"><metadata><lom xmlns="http://ltsc.ieee.org/xsd/LOM"><general><identifier><catalog>http://localhost:8080/eduCommons/</catalog><entry>Homework.html</entry></identifier><title><string xml:lang="en">Homework</string></title><language>en</language></general><lifeCycle><contribute><role><source>LOMv1.0</source><value>author</value></role><entity>BEGIN:VCARD
FN:admin
END:VCARD</entity><date><dateTime>2008-01-31T21:03:58</dateTime></date></contribute></lifeCycle><metaMetadata><identifier><catalog>http://localhost:8080/eduCommons/,ocw@cosl.usu.edu</catalog><entry>Homework.html</entry></identifier><language>en</language></metaMetadata><technical><format>text/html</format><size>175</size><location>http://localhost:8080/eduCommons/Electrical_and_Computer_Engineering/Error_Control_Coding/Homework.html</location></technical><rights><copyrightAndOtherRestrictions><source>LOMv1.0</source><value>yes</value></copyrightAndOtherRestrictions></rights><eduCommons xmlns="http://cosl.usu.edu/xsd/eduCommonsv1.2"><objectType>Document</objectType><license category="Site Default"/><clearedCopyright>true</clearedCopyright><accessible>false</accessible></eduCommons></lom></metadata><file href="Error_Control_Coding/Homework.html"/></resource><resource href="Error_Control_Coding/lectgfint.ps" identifier="RES4652f61391e51c73a1c6aacc6e5e2730" type="webcontent"><metadata><lom xmlns="http://ltsc.ieee.org/xsd/LOM"><general><identifier><catalog>http://localhost:8080/eduCommons/</catalog><entry>lectgfint.ps</entry></identifier><title><string xml:lang="en">lectgfint.ps</string></title><language>en</language></general><lifeCycle><contribute><role><source>LOMv1.0</source><value>author</value></role><entity>BEGIN:VCARD
FN:admin
END:VCARD</entity><date><dateTime>2008-01-31T21:03:58</dateTime></date></contribute></lifeCycle><metaMetadata><identifier><catalog>http://localhost:8080/eduCommons/,ocw@cosl.usu.edu</catalog><entry>lectgfint.ps</entry></identifier><language>en</language></metaMetadata><technical><format>application/postscript</format><size>81630</size><location>http://localhost:8080/eduCommons/Electrical_and_Computer_Engineering/Error_Control_Coding/lectgfint.ps</location></technical><rights><copyrightAndOtherRestrictions><source>LOMv1.0</source><value>yes</value></copyrightAndOtherRestrictions></rights><eduCommons xmlns="http://cosl.usu.edu/xsd/eduCommonsv1.2"><objectType>File</objectType><license category="Site Default"/><clearedCopyright>true</clearedCopyright><accessible>false</accessible></eduCommons></lom></metadata><file href="Error_Control_Coding/lectgfint.ps"/></resource><resource href="Error_Control_Coding/Schedule.html" identifier="RES8f1f1283a53deb07e8a56dcc5bfdc430" type="webcontent"><metadata><lom xmlns="http://ltsc.ieee.org/xsd/LOM"><general><identifier><catalog>http://localhost:8080/eduCommons/</catalog><entry>Schedule.html</entry></identifier><title><string xml:lang="en">Schedule</string></title><language>en</language></general><lifeCycle><contribute><role><source>LOMv1.0</source><value>author</value></role><entity>BEGIN:VCARD
FN:admin
END:VCARD</entity><date><dateTime>2008-01-31T21:03:58</dateTime></date></contribute></lifeCycle><metaMetadata><identifier><catalog>http://localhost:8080/eduCommons/,ocw@cosl.usu.edu</catalog><entry>Schedule.html</entry></identifier><language>en</language></metaMetadata><technical><format>text/html</format><size>3580</size><location>http://localhost:8080/eduCommons/Electrical_and_Computer_Engineering/Error_Control_Coding/Schedule.html</location></technical><rights><copyrightAndOtherRestrictions><source>LOMv1.0</source><value>yes</value></copyrightAndOtherRestrictions></rights><eduCommons xmlns="http://cosl.usu.edu/xsd/eduCommonsv1.2"><objectType>Document</objectType><license category="Site Default"/><clearedCopyright>true</clearedCopyright><accessible>false</accessible></eduCommons></lom></metadata><file href="Error_Control_Coding/Schedule.html"/></resource><resource href="Error_Control_Coding/img2.png" identifier="RES38c36469108138c254293238c88f17e6" type="webcontent"><metadata><lom xmlns="http://ltsc.ieee.org/xsd/LOM"><general><identifier><catalog>http://localhost:8080/eduCommons/</catalog><entry>img2.png</entry></identifier><title><string xml:lang="en">img2.png</string></title><language>en</language></general><lifeCycle><contribute><role><source>LOMv1.0</source><value>author</value></role><entity>BEGIN:VCARD
FN:admin
END:VCARD</entity><date><dateTime>2008-01-31T21:03:58</dateTime></date></contribute></lifeCycle><metaMetadata><identifier><catalog>http://localhost:8080/eduCommons/,ocw@cosl.usu.edu</catalog><entry>img2.png</entry></identifier><language>en</language></metaMetadata><technical><format>image/png</format><size>1427</size><location>http://localhost:8080/eduCommons/Electrical_and_Computer_Engineering/Error_Control_Coding/img2.png</location></technical><rights><copyrightAndOtherRestrictions><source>LOMv1.0</source><value>yes</value></copyrightAndOtherRestrictions></rights><eduCommons xmlns="http://cosl.usu.edu/xsd/eduCommonsv1.2"><objectType>Image</objectType><license category="Site Default"/><clearedCopyright>true</clearedCopyright><accessible>false</accessible></eduCommons></lom></metadata><file href="Error_Control_Coding/img2.png"/></resource><resource href="Error_Control_Coding/img5.png" identifier="RES2ccc1799ef620426d6d062dfccb2f965" type="webcontent"><metadata><lom xmlns="http://ltsc.ieee.org/xsd/LOM"><general><identifier><catalog>http://localhost:8080/eduCommons/</catalog><entry>img5.png</entry></identifier><title><string xml:lang="en">img5.png</string></title><language>en</language></general><lifeCycle><contribute><role><source>LOMv1.0</source><value>author</value></role><entity>BEGIN:VCARD
FN:admin
END:VCARD</entity><date><dateTime>2008-01-31T21:03:58</dateTime></date></contribute></lifeCycle><metaMetadata><identifier><catalog>http://localhost:8080/eduCommons/,ocw@cosl.usu.edu</catalog><entry>img5.png</entry></identifier><language>en</language></metaMetadata><technical><format>image/png</format><size>174</size><location>http://localhost:8080/eduCommons/Electrical_and_Computer_Engineering/Error_Control_Coding/img5.png</location></technical><rights><copyrightAndOtherRestrictions><source>LOMv1.0</source><value>yes</value></copyrightAndOtherRestrictions></rights><eduCommons xmlns="http://cosl.usu.edu/xsd/eduCommonsv1.2"><objectType>Image</objectType><license category="Site Default"/><clearedCopyright>true</clearedCopyright><accessible>false</accessible></eduCommons></lom></metadata><file href="Error_Control_Coding/img5.png"/></resource><resource href="Error_Control_Coding/lecture9.ps" identifier="RESb91894376208585b68945bb391abfce5" type="webcontent"><metadata><lom xmlns="http://ltsc.ieee.org/xsd/LOM"><general><identifier><catalog>http://localhost:8080/eduCommons/</catalog><entry>lecture9.ps</entry></identifier><title><string xml:lang="en">lecture9.ps</string></title><language>en</language></general><lifeCycle><contribute><role><source>LOMv1.0</source><value>author</value></role><entity>BEGIN:VCARD
FN:admin
END:VCARD</entity><date><dateTime>2008-01-31T21:03:58</dateTime></date></contribute></lifeCycle><metaMetadata><identifier><catalog>http://localhost:8080/eduCommons/,ocw@cosl.usu.edu</catalog><entry>lecture9.ps</entry></identifier><language>en</language></metaMetadata><technical><format>application/postscript</format><size>112939</size><location>http://localhost:8080/eduCommons/Electrical_and_Computer_Engineering/Error_Control_Coding/lecture9.ps</location></technical><rights><copyrightAndOtherRestrictions><source>LOMv1.0</source><value>yes</value></copyrightAndOtherRestrictions></rights><eduCommons xmlns="http://cosl.usu.edu/xsd/eduCommonsv1.2"><objectType>File</objectType><license category="Site Default"/><clearedCopyright>true</clearedCopyright><accessible>false</accessible></eduCommons></lom></metadata><file href="Error_Control_Coding/lecture9.ps"/></resource><resource href="Error_Control_Coding/lecture3.ps" identifier="RES1e9b575437205b29b21b9d316b33de00" type="webcontent"><metadata><lom xmlns="http://ltsc.ieee.org/xsd/LOM"><general><identifier><catalog>http://localhost:8080/eduCommons/</catalog><entry>lecture3.ps</entry></identifier><title><string xml:lang="en">lecture3.ps</string></title><language>en</language></general><lifeCycle><contribute><role><source>LOMv1.0</source><value>author</value></role><entity>BEGIN:VCARD
FN:admin
END:VCARD</entity><date><dateTime>2008-01-31T21:03:58</dateTime></date></contribute></lifeCycle><metaMetadata><identifier><catalog>http://localhost:8080/eduCommons/,ocw@cosl.usu.edu</catalog><entry>lecture3.ps</entry></identifier><language>en</language></metaMetadata><technical><format>application/postscript</format><size>231184</size><location>http://localhost:8080/eduCommons/Electrical_and_Computer_Engineering/Error_Control_Coding/lecture3.ps</location></technical><rights><copyrightAndOtherRestrictions><source>LOMv1.0</source><value>yes</value></copyrightAndOtherRestrictions></rights><eduCommons xmlns="http://cosl.usu.edu/xsd/eduCommonsv1.2"><objectType>File</objectType><license category="Site Default"/><clearedCopyright>true</clearedCopyright><accessible>false</accessible></eduCommons></lom></metadata><file href="Error_Control_Coding/lecture3.ps"/></resource><resource href="Error_Control_Coding/lecture6.ps" identifier="RES59bbb939c699353d471703d4400e9b40" type="webcontent"><metadata><lom xmlns="http://ltsc.ieee.org/xsd/LOM"><general><identifier><catalog>http://localhost:8080/eduCommons/</catalog><entry>lecture6.ps</entry></identifier><title><string xml:lang="en">lecture6.ps</string></title><language>en</language></general><lifeCycle><contribute><role><source>LOMv1.0</source><value>author</value></role><entity>BEGIN:VCARD
FN:admin
END:VCARD</entity><date><dateTime>2008-01-31T21:03:58</dateTime></date></contribute></lifeCycle><metaMetadata><identifier><catalog>http://localhost:8080/eduCommons/,ocw@cosl.usu.edu</catalog><entry>lecture6.ps</entry></identifier><language>en</language></metaMetadata><technical><format>application/postscript</format><size>140305</size><location>http://localhost:8080/eduCommons/Electrical_and_Computer_Engineering/Error_Control_Coding/lecture6.ps</location></technical><rights><copyrightAndOtherRestrictions><source>LOMv1.0</source><value>yes</value></copyrightAndOtherRestrictions></rights><eduCommons xmlns="http://cosl.usu.edu/xsd/eduCommonsv1.2"><objectType>File</objectType><license category="Site Default"/><clearedCopyright>true</clearedCopyright><accessible>false</accessible></eduCommons></lom></metadata><file href="Error_Control_Coding/lecture6.ps"/></resource><resource href="Error_Control_Coding/lecture12.pdf" identifier="RES4b86f43e9bbcc576c20c1ff586fec6c5" type="webcontent"><metadata><lom xmlns="http://ltsc.ieee.org/xsd/LOM"><general><identifier><catalog>http://localhost:8080/eduCommons/</catalog><entry>lecture12.pdf</entry></identifier><title><string xml:lang="en">lecture12.pdf</string></title><language>en</language></general><lifeCycle><contribute><role><source>LOMv1.0</source><value>author</value></role><entity>BEGIN:VCARD
FN:admin
END:VCARD</entity><date><dateTime>2008-01-31T21:03:58</dateTime></date></contribute></lifeCycle><metaMetadata><identifier><catalog>http://localhost:8080/eduCommons/,ocw@cosl.usu.edu</catalog><entry>lecture12.pdf</entry></identifier><language>en</language></metaMetadata><technical><format>text/xml</format><size>22042</size><location>http://localhost:8080/eduCommons/Electrical_and_Computer_Engineering/Error_Control_Coding/lecture12.pdf</location></technical><rights><copyrightAndOtherRestrictions><source>LOMv1.0</source><value>yes</value></copyrightAndOtherRestrictions></rights><eduCommons xmlns="http://cosl.usu.edu/xsd/eduCommonsv1.2"><objectType>File</objectType><license category="Site Default"/><clearedCopyright>true</clearedCopyright><accessible>false</accessible></eduCommons></lom></metadata><file href="Error_Control_Coding/lecture12.pdf"/></resource><resource href="Error_Control_Coding/lecture3.pdf" identifier="RESdd76a835b361862f6b01a990cb0d0f24" type="webcontent"><metadata><lom xmlns="http://ltsc.ieee.org/xsd/LOM"><general><identifier><catalog>http://localhost:8080/eduCommons/</catalog><entry>lecture3.pdf</entry></identifier><title><string xml:lang="en">lecture3.pdf</string></title><language>en</language></general><lifeCycle><contribute><role><source>LOMv1.0</source><value>author</value></role><entity>BEGIN:VCARD
FN:admin
END:VCARD</entity><date><dateTime>2008-01-31T21:03:58</dateTime></date></contribute></lifeCycle><metaMetadata><identifier><catalog>http://localhost:8080/eduCommons/,ocw@cosl.usu.edu</catalog><entry>lecture3.pdf</entry></identifier><language>en</language></metaMetadata><technical><format>application/pdf</format><size>212545</size><location>http://localhost:8080/eduCommons/Electrical_and_Computer_Engineering/Error_Control_Coding/lecture3.pdf</location></technical><rights><copyrightAndOtherRestrictions><source>LOMv1.0</source><value>yes</value></copyrightAndOtherRestrictions></rights><eduCommons xmlns="http://cosl.usu.edu/xsd/eduCommonsv1.2"><objectType>File</objectType><license category="Site Default"/><clearedCopyright>true</clearedCopyright><accessible>false</accessible></eduCommons></lom></metadata><file href="Error_Control_Coding/lecture3.pdf"/></resource><resource href="Error_Control_Coding/hw2new.html" identifier="REScbe1978ad7855a722526272f08c00b68" type="webcontent"><metadata><lom xmlns="http://ltsc.ieee.org/xsd/LOM"><general><identifier><catalog>http://localhost:8080/eduCommons/</catalog><entry>hw2new.html</entry></identifier><title><string xml:lang="en">Homework 2</string></title><language>en</language></general><lifeCycle><contribute><role><source>LOMv1.0</source><value>author</value></role><entity>BEGIN:VCARD
FN:admin
END:VCARD</entity><date><dateTime>2008-01-31T21:03:58</dateTime></date></contribute></lifeCycle><metaMetadata><identifier><catalog>http://localhost:8080/eduCommons/,ocw@cosl.usu.edu</catalog><entry>hw2new.html</entry></identifier><language>en</language></metaMetadata><technical><format>text/html</format><size>2154</size><location>http://localhost:8080/eduCommons/Electrical_and_Computer_Engineering/Error_Control_Coding/hw2new.html</location></technical><rights><copyrightAndOtherRestrictions><source>LOMv1.0</source><value>yes</value></copyrightAndOtherRestrictions></rights><eduCommons xmlns="http://cosl.usu.edu/xsd/eduCommonsv1.2"><objectType>Document</objectType><license category="Site Default"/><clearedCopyright>true</clearedCopyright><accessible>false</accessible></eduCommons></lom></metadata><file href="Error_Control_Coding/hw2new.html"/></resource><resource href="Error_Control_Coding/lecture4.ps" identifier="RESd7c00eb3ee6041dfdd15160c35c1ab75" type="webcontent"><metadata><lom xmlns="http://ltsc.ieee.org/xsd/LOM"><general><identifier><catalog>http://localhost:8080/eduCommons/</catalog><entry>lecture4.ps</entry></identifier><title><string xml:lang="en">lecture4.ps</string></title><language>en</language></general><lifeCycle><contribute><role><source>LOMv1.0</source><value>author</value></role><entity>BEGIN:VCARD
FN:admin
END:VCARD</entity><date><dateTime>2008-01-31T21:03:58</dateTime></date></contribute></lifeCycle><metaMetadata><identifier><catalog>http://localhost:8080/eduCommons/,ocw@cosl.usu.edu</catalog><entry>lecture4.ps</entry></identifier><language>en</language></metaMetadata><technical><format>application/postscript</format><size>157650</size><location>http://localhost:8080/eduCommons/Electrical_and_Computer_Engineering/Error_Control_Coding/lecture4.ps</location></technical><rights><copyrightAndOtherRestrictions><source>LOMv1.0</source><value>yes</value></copyrightAndOtherRestrictions></rights><eduCommons xmlns="http://cosl.usu.edu/xsd/eduCommonsv1.2"><objectType>File</objectType><license category="Site Default"/><clearedCopyright>true</clearedCopyright><accessible>false</accessible></eduCommons></lom></metadata><file href="Error_Control_Coding/lecture4.ps"/></resource><resource href="Error_Control_Coding/About_the_Professor.html" identifier="RES24add5b96f02dbdadcfa9125b226b9da" type="webcontent"><metadata><lom xmlns="http://ltsc.ieee.org/xsd/LOM"><general><identifier><catalog>http://localhost:8080/eduCommons/</catalog><entry>About_the_Professor.html</entry></identifier><title><string xml:lang="en">About the Professor</string></title><language>en</language></general><lifeCycle><contribute><role><source>LOMv1.0</source><value>author</value></role><entity>BEGIN:VCARD
FN:admin
END:VCARD</entity><date><dateTime>2008-01-31T21:03:58</dateTime></date></contribute></lifeCycle><metaMetadata><identifier><catalog>http://localhost:8080/eduCommons/,ocw@cosl.usu.edu</catalog><entry>About_the_Professor.html</entry></identifier><language>en</language></metaMetadata><technical><format>text/html</format><size>2021</size><location>http://localhost:8080/eduCommons/Electrical_and_Computer_Engineering/Error_Control_Coding/About_the_Professor.html</location></technical><rights><copyrightAndOtherRestrictions><source>LOMv1.0</source><value>yes</value></copyrightAndOtherRestrictions></rights><eduCommons xmlns="http://cosl.usu.edu/xsd/eduCommonsv1.2"><objectType>Document</objectType><license category="Site Default"/><clearedCopyright>true</clearedCopyright><accessible>false</accessible></eduCommons></lom></metadata><file href="Error_Control_Coding/About_the_Professor.html"/></resource><resource href="Error_Control_Coding/lecture6.pdf" identifier="RES116d743a21180abbad73c21d5df5a8d8" type="webcontent"><metadata><lom xmlns="http://ltsc.ieee.org/xsd/LOM"><general><identifier><catalog>http://localhost:8080/eduCommons/</catalog><entry>lecture6.pdf</entry></identifier><title><string xml:lang="en">lecture6.pdf</string></title><language>en</language></general><lifeCycle><contribute><role><source>LOMv1.0</source><value>author</value></role><entity>BEGIN:VCARD
FN:admin
END:VCARD</entity><date><dateTime>2008-01-31T21:03:58</dateTime></date></contribute></lifeCycle><metaMetadata><identifier><catalog>http://localhost:8080/eduCommons/,ocw@cosl.usu.edu</catalog><entry>lecture6.pdf</entry></identifier><language>en</language></metaMetadata><technical><format>application/pdf</format><size>152241</size><location>http://localhost:8080/eduCommons/Electrical_and_Computer_Engineering/Error_Control_Coding/lecture6.pdf</location></technical><rights><copyrightAndOtherRestrictions><source>LOMv1.0</source><value>yes</value></copyrightAndOtherRestrictions></rights><eduCommons xmlns="http://cosl.usu.edu/xsd/eduCommonsv1.2"><objectType>File</objectType><license category="Site Default"/><clearedCopyright>true</clearedCopyright><accessible>false</accessible></eduCommons></lom></metadata><file href="Error_Control_Coding/lecture6.pdf"/></resource><resource href="Error_Control_Coding/lecture8.ps" identifier="RESecab51e547b7c314c500d8c7d1e9a34d" type="webcontent"><metadata><lom xmlns="http://ltsc.ieee.org/xsd/LOM"><general><identifier><catalog>http://localhost:8080/eduCommons/</catalog><entry>lecture8.ps</entry></identifier><title><string xml:lang="en">lecture8.ps</string></title><language>en</language></general><lifeCycle><contribute><role><source>LOMv1.0</source><value>author</value></role><entity>BEGIN:VCARD
FN:admin
END:VCARD</entity><date><dateTime>2008-01-31T21:03:58</dateTime></date></contribute></lifeCycle><metaMetadata><identifier><catalog>http://localhost:8080/eduCommons/,ocw@cosl.usu.edu</catalog><entry>lecture8.ps</entry></identifier><language>en</language></metaMetadata><technical><format>application/postscript</format><size>86212</size><location>http://localhost:8080/eduCommons/Electrical_and_Computer_Engineering/Error_Control_Coding/lecture8.ps</location></technical><rights><copyrightAndOtherRestrictions><source>LOMv1.0</source><value>yes</value></copyrightAndOtherRestrictions></rights><eduCommons xmlns="http://cosl.usu.edu/xsd/eduCommonsv1.2"><objectType>File</objectType><license category="Site Default"/><clearedCopyright>true</clearedCopyright><accessible>false</accessible></eduCommons></lom></metadata><file href="Error_Control_Coding/lecture8.ps"/></resource><resource href="Error_Control_Coding/lecture10.pdf" identifier="RES2e033a91a6870cd698e8685d41ba5841" type="webcontent"><metadata><lom xmlns="http://ltsc.ieee.org/xsd/LOM"><general><identifier><catalog>http://localhost:8080/eduCommons/</catalog><entry>lecture10.pdf</entry></identifier><title><string xml:lang="en">lecture10.pdf</string></title><language>en</language></general><lifeCycle><contribute><role><source>LOMv1.0</source><value>author</value></role><entity>BEGIN:VCARD
FN:admin
END:VCARD</entity><date><dateTime>2008-01-31T21:03:58</dateTime></date></contribute></lifeCycle><metaMetadata><identifier><catalog>http://localhost:8080/eduCommons/,ocw@cosl.usu.edu</catalog><entry>lecture10.pdf</entry></identifier><language>en</language></metaMetadata><technical><format>application/pdf</format><size>82926</size><location>http://localhost:8080/eduCommons/Electrical_and_Computer_Engineering/Error_Control_Coding/lecture10.pdf</location></technical><rights><copyrightAndOtherRestrictions><source>LOMv1.0</source><value>yes</value></copyrightAndOtherRestrictions></rights><eduCommons xmlns="http://cosl.usu.edu/xsd/eduCommonsv1.2"><objectType>File</objectType><license category="Site Default"/><clearedCopyright>true</clearedCopyright><accessible>false</accessible></eduCommons></lom></metadata><file href="Error_Control_Coding/lecture10.pdf"/></resource><resource href="Error_Control_Coding/Syllabus.html" identifier="RES0d76d259320a2044038ae779fd160382" type="webcontent"><metadata><lom xmlns="http://ltsc.ieee.org/xsd/LOM"><general><identifier><catalog>http://localhost:8080/eduCommons/</catalog><entry>Syllabus.html</entry></identifier><title><string xml:lang="en">Syllabus</string></title><language>en</language></general><lifeCycle><contribute><role><source>LOMv1.0</source><value>author</value></role><entity>BEGIN:VCARD
FN:admin
END:VCARD</entity><date><dateTime>2008-01-31T21:03:58</dateTime></date></contribute></lifeCycle><metaMetadata><identifier><catalog>http://localhost:8080/eduCommons/,ocw@cosl.usu.edu</catalog><entry>Syllabus.html</entry></identifier><language>en</language></metaMetadata><technical><format>text/html</format><size>1956</size><location>http://localhost:8080/eduCommons/Electrical_and_Computer_Engineering/Error_Control_Coding/Syllabus.html</location></technical><rights><copyrightAndOtherRestrictions><source>LOMv1.0</source><value>yes</value></copyrightAndOtherRestrictions></rights><eduCommons xmlns="http://cosl.usu.edu/xsd/eduCommonsv1.2"><objectType>Document</objectType><license category="Site Default"/><clearedCopyright>true</clearedCopyright><accessible>false</accessible></eduCommons></lom></metadata><file href="Error_Control_Coding/Syllabus.html"/></resource><resource href="Error_Control_Coding/lectgfint.pdf" identifier="RESfd891cfc3186431adbd08ec5522a684a" type="webcontent"><metadata><lom xmlns="http://ltsc.ieee.org/xsd/LOM"><general><identifier><catalog>http://localhost:8080/eduCommons/</catalog><entry>lectgfint.pdf</entry></identifier><title><string xml:lang="en">lectgfint.pdf</string></title><language>en</language></general><lifeCycle><contribute><role><source>LOMv1.0</source><value>author</value></role><entity>BEGIN:VCARD
FN:admin
END:VCARD</entity><date><dateTime>2008-01-31T21:03:58</dateTime></date></contribute></lifeCycle><metaMetadata><identifier><catalog>http://localhost:8080/eduCommons/,ocw@cosl.usu.edu</catalog><entry>lectgfint.pdf</entry></identifier><language>en</language></metaMetadata><technical><format>application/pdf</format><size>97948</size><location>http://localhost:8080/eduCommons/Electrical_and_Computer_Engineering/Error_Control_Coding/lectgfint.pdf</location></technical><rights><copyrightAndOtherRestrictions><source>LOMv1.0</source><value>yes</value></copyrightAndOtherRestrictions></rights><eduCommons xmlns="http://cosl.usu.edu/xsd/eduCommonsv1.2"><objectType>File</objectType><license category="Site Default"/><clearedCopyright>true</clearedCopyright><accessible>false</accessible></eduCommons></lom></metadata><file href="Error_Control_Coding/lectgfint.pdf"/></resource><resource href="Error_Control_Coding/img3.png" identifier="RES66f3ac7f0db822b72d8ba678aad3b25f" type="webcontent"><metadata><lom xmlns="http://ltsc.ieee.org/xsd/LOM"><general><identifier><catalog>http://localhost:8080/eduCommons/</catalog><entry>img3.png</entry></identifier><title><string xml:lang="en">img3.png</string></title><language>en</language></general><lifeCycle><contribute><role><source>LOMv1.0</source><value>author</value></role><entity>BEGIN:VCARD
FN:admin
END:VCARD</entity><date><dateTime>2008-01-31T21:03:58</dateTime></date></contribute></lifeCycle><metaMetadata><identifier><catalog>http://localhost:8080/eduCommons/,ocw@cosl.usu.edu</catalog><entry>img3.png</entry></identifier><language>en</language></metaMetadata><technical><format>image/png</format><size>409</size><location>http://localhost:8080/eduCommons/Electrical_and_Computer_Engineering/Error_Control_Coding/img3.png</location></technical><rights><copyrightAndOtherRestrictions><source>LOMv1.0</source><value>yes</value></copyrightAndOtherRestrictions></rights><eduCommons xmlns="http://cosl.usu.edu/xsd/eduCommonsv1.2"><objectType>Image</objectType><license category="Site Default"/><clearedCopyright>true</clearedCopyright><accessible>false</accessible></eduCommons></lom></metadata><file href="Error_Control_Coding/img3.png"/></resource><resource href="Error_Control_Coding/moon.jpg" identifier="RESe628e9fe699cf877b7dbc3965157ac26" type="webcontent"><metadata><lom xmlns="http://ltsc.ieee.org/xsd/LOM"><general><identifier><catalog>http://localhost:8080/eduCommons/</catalog><entry>moon.jpg</entry></identifier><title><string xml:lang="en">Prof. Moon</string></title><language>en</language></general><lifeCycle><contribute><role><source>LOMv1.0</source><value>author</value></role><entity>BEGIN:VCARD
FN:admin
END:VCARD</entity><date><dateTime>2008-01-31T21:03:58</dateTime></date></contribute></lifeCycle><metaMetadata><identifier><catalog>http://localhost:8080/eduCommons/,ocw@cosl.usu.edu</catalog><entry>moon.jpg</entry></identifier><language>en</language></metaMetadata><technical><format>image/jpeg</format><size>48426</size><location>http://localhost:8080/eduCommons/Electrical_and_Computer_Engineering/Error_Control_Coding/moon.jpg</location></technical><rights><copyrightAndOtherRestrictions><source>LOMv1.0</source><value>yes</value></copyrightAndOtherRestrictions></rights><eduCommons xmlns="http://cosl.usu.edu/xsd/eduCommonsv1.2"><objectType>Image</objectType><license category="Site Default"/><clearedCopyright>true</clearedCopyright><accessible>false</accessible></eduCommons></lom></metadata><file href="Error_Control_Coding/moon.jpg"/></resource><resource href="Error_Control_Coding/lecture5.ps" identifier="RES8d2c09b9e89c6d2cdae7fde8af5e5e25" type="webcontent"><metadata><lom xmlns="http://ltsc.ieee.org/xsd/LOM"><general><identifier><catalog>http://localhost:8080/eduCommons/</catalog><entry>lecture5.ps</entry></identifier><title><string xml:lang="en">lecture5.ps</string></title><language>en</language></general><lifeCycle><contribute><role><source>LOMv1.0</source><value>author</value></role><entity>BEGIN:VCARD
FN:admin
END:VCARD</entity><date><dateTime>2008-01-31T21:03:58</dateTime></date></contribute></lifeCycle><metaMetadata><identifier><catalog>http://localhost:8080/eduCommons/,ocw@cosl.usu.edu</catalog><entry>lecture5.ps</entry></identifier><language>en</language></metaMetadata><technical><format>application/postscript</format><size>118570</size><location>http://localhost:8080/eduCommons/Electrical_and_Computer_Engineering/Error_Control_Coding/lecture5.ps</location></technical><rights><copyrightAndOtherRestrictions><source>LOMv1.0</source><value>yes</value></copyrightAndOtherRestrictions></rights><eduCommons xmlns="http://cosl.usu.edu/xsd/eduCommonsv1.2"><objectType>File</objectType><license category="Site Default"/><clearedCopyright>true</clearedCopyright><accessible>false</accessible></eduCommons></lom></metadata><file href="Error_Control_Coding/lecture5.ps"/></resource><resource href="Error_Control_Coding/lecture2.pdf" identifier="RESdd3e433b2b2e33ea35891da12d3f8edf" type="webcontent"><metadata><lom xmlns="http://ltsc.ieee.org/xsd/LOM"><general><identifier><catalog>http://localhost:8080/eduCommons/</catalog><entry>lecture2.pdf</entry></identifier><title><string xml:lang="en">lecture2.pdf</string></title><language>en</language></general><lifeCycle><contribute><role><source>LOMv1.0</source><value>author</value></role><entity>BEGIN:VCARD
FN:admin
END:VCARD</entity><date><dateTime>2008-01-31T21:03:58</dateTime></date></contribute></lifeCycle><metaMetadata><identifier><catalog>http://localhost:8080/eduCommons/,ocw@cosl.usu.edu</catalog><entry>lecture2.pdf</entry></identifier><language>en</language></metaMetadata><technical><format>application/pdf</format><size>147718</size><location>http://localhost:8080/eduCommons/Electrical_and_Computer_Engineering/Error_Control_Coding/lecture2.pdf</location></technical><rights><copyrightAndOtherRestrictions><source>LOMv1.0</source><value>yes</value></copyrightAndOtherRestrictions></rights><eduCommons xmlns="http://cosl.usu.edu/xsd/eduCommonsv1.2"><objectType>File</objectType><license category="Site Default"/><clearedCopyright>true</clearedCopyright><accessible>false</accessible></eduCommons></lom></metadata><file href="Error_Control_Coding/lecture2.pdf"/></resource><resource href="Error_Control_Coding/lecture11.ps" identifier="RES306532f37dc5499c2e4732f25bdc1c45" type="webcontent"><metadata><lom xmlns="http://ltsc.ieee.org/xsd/LOM"><general><identifier><catalog>http://localhost:8080/eduCommons/</catalog><entry>lecture11.ps</entry></identifier><title><string xml:lang="en">lecture11.ps</string></title><language>en</language></general><lifeCycle><contribute><role><source>LOMv1.0</source><value>author</value></role><entity>BEGIN:VCARD
FN:admin
END:VCARD</entity><date><dateTime>2008-01-31T21:03:58</dateTime></date></contribute></lifeCycle><metaMetadata><identifier><catalog>http://localhost:8080/eduCommons/,ocw@cosl.usu.edu</catalog><entry>lecture11.ps</entry></identifier><language>en</language></metaMetadata><technical><format>text/xml</format><size>22042</size><location>http://localhost:8080/eduCommons/Electrical_and_Computer_Engineering/Error_Control_Coding/lecture11.ps</location></technical><rights><copyrightAndOtherRestrictions><source>LOMv1.0</source><value>yes</value></copyrightAndOtherRestrictions></rights><eduCommons xmlns="http://cosl.usu.edu/xsd/eduCommonsv1.2"><objectType>File</objectType><license category="Site Default"/><clearedCopyright>true</clearedCopyright><accessible>false</accessible></eduCommons></lom></metadata><file href="Error_Control_Coding/lecture11.ps"/></resource><resource href="Error_Control_Coding/lecture7.ps" identifier="RESd1ab41d71bf887e2fff3c398ea55b781" type="webcontent"><metadata><lom xmlns="http://ltsc.ieee.org/xsd/LOM"><general><identifier><catalog>http://localhost:8080/eduCommons/</catalog><entry>lecture7.ps</entry></identifier><title><string xml:lang="en">lecture7.ps</string></title><language>en</language></general><lifeCycle><contribute><role><source>LOMv1.0</source><value>author</value></role><entity>BEGIN:VCARD
FN:admin
END:VCARD</entity><date><dateTime>2008-01-31T21:03:58</dateTime></date></contribute></lifeCycle><metaMetadata><identifier><catalog>http://localhost:8080/eduCommons/,ocw@cosl.usu.edu</catalog><entry>lecture7.ps</entry></identifier><language>en</language></metaMetadata><technical><format>application/postscript</format><size>156064</size><location>http://localhost:8080/eduCommons/Electrical_and_Computer_Engineering/Error_Control_Coding/lecture7.ps</location></technical><rights><copyrightAndOtherRestrictions><source>LOMv1.0</source><value>yes</value></copyrightAndOtherRestrictions></rights><eduCommons xmlns="http://cosl.usu.edu/xsd/eduCommonsv1.2"><objectType>File</objectType><license category="Site Default"/><clearedCopyright>true</clearedCopyright><accessible>false</accessible></eduCommons></lom></metadata><file href="Error_Control_Coding/lecture7.ps"/></resource><resource href="Error_Control_Coding/lecture12.ps" identifier="RESee79fca18e204469292b45210d995b4f" type="webcontent"><metadata><lom xmlns="http://ltsc.ieee.org/xsd/LOM"><general><identifier><catalog>http://localhost:8080/eduCommons/</catalog><entry>lecture12.ps</entry></identifier><title><string xml:lang="en">lecture12.ps</string></title><language>en</language></general><lifeCycle><contribute><role><source>LOMv1.0</source><value>author</value></role><entity>BEGIN:VCARD
FN:admin
END:VCARD</entity><date><dateTime>2008-01-31T21:03:58</dateTime></date></contribute></lifeCycle><metaMetadata><identifier><catalog>http://localhost:8080/eduCommons/,ocw@cosl.usu.edu</catalog><entry>lecture12.ps</entry></identifier><language>en</language></metaMetadata><technical><format>text/xml</format><size>22042</size><location>http://localhost:8080/eduCommons/Electrical_and_Computer_Engineering/Error_Control_Coding/lecture12.ps</location></technical><rights><copyrightAndOtherRestrictions><source>LOMv1.0</source><value>yes</value></copyrightAndOtherRestrictions></rights><eduCommons xmlns="http://cosl.usu.edu/xsd/eduCommonsv1.2"><objectType>File</objectType><license category="Site Default"/><clearedCopyright>true</clearedCopyright><accessible>false</accessible></eduCommons></lom></metadata><file href="Error_Control_Coding/lecture12.ps"/></resource><resource href="Error_Control_Coding/lecture11.pdf" identifier="RESe5e1e4a444bbf00f21311d77fe2eb1b5" type="webcontent"><metadata><lom xmlns="http://ltsc.ieee.org/xsd/LOM"><general><identifier><catalog>http://localhost:8080/eduCommons/</catalog><entry>lecture11.pdf</entry></identifier><title><string xml:lang="en">lecture11.pdf</string></title><language>en</language></general><lifeCycle><contribute><role><source>LOMv1.0</source><value>author</value></role><entity>BEGIN:VCARD
FN:admin
END:VCARD</entity><date><dateTime>2008-01-31T21:03:58</dateTime></date></contribute></lifeCycle><metaMetadata><identifier><catalog>http://localhost:8080/eduCommons/,ocw@cosl.usu.edu</catalog><entry>lecture11.pdf</entry></identifier><language>en</language></metaMetadata><technical><format>text/xml</format><size>22042</size><location>http://localhost:8080/eduCommons/Electrical_and_Computer_Engineering/Error_Control_Coding/lecture11.pdf</location></technical><rights><copyrightAndOtherRestrictions><source>LOMv1.0</source><value>yes</value></copyrightAndOtherRestrictions></rights><eduCommons xmlns="http://cosl.usu.edu/xsd/eduCommonsv1.2"><objectType>File</objectType><license category="Site Default"/><clearedCopyright>true</clearedCopyright><accessible>false</accessible></eduCommons></lom></metadata><file href="Error_Control_Coding/lecture11.pdf"/></resource><resource href="Error_Control_Coding/img1.png" identifier="RES8363e95015b3ea822914441f679cf443" type="webcontent"><metadata><lom xmlns="http://ltsc.ieee.org/xsd/LOM"><general><identifier><catalog>http://localhost:8080/eduCommons/</catalog><entry>img1.png</entry></identifier><title><string xml:lang="en">img1.png</string></title><language>en</language></general><lifeCycle><contribute><role><source>LOMv1.0</source><value>author</value></role><entity>BEGIN:VCARD
FN:admin
END:VCARD</entity><date><dateTime>2008-01-31T21:03:58</dateTime></date></contribute></lifeCycle><metaMetadata><identifier><catalog>http://localhost:8080/eduCommons/,ocw@cosl.usu.edu</catalog><entry>img1.png</entry></identifier><language>en</language></metaMetadata><technical><format>image/png</format><size>485</size><location>http://localhost:8080/eduCommons/Electrical_and_Computer_Engineering/Error_Control_Coding/img1.png</location></technical><rights><copyrightAndOtherRestrictions><source>LOMv1.0</source><value>yes</value></copyrightAndOtherRestrictions></rights><eduCommons xmlns="http://cosl.usu.edu/xsd/eduCommonsv1.2"><objectType>Image</objectType><license category="Site Default"/><clearedCopyright>true</clearedCopyright><accessible>false</accessible></eduCommons></lom></metadata><file href="Error_Control_Coding/img1.png"/></resource><resource href="Error_Control_Coding/lecture5.pdf" identifier="RES0f5cc3b85a38255572b9de61cb1b212c" type="webcontent"><metadata><lom xmlns="http://ltsc.ieee.org/xsd/LOM"><general><identifier><catalog>http://localhost:8080/eduCommons/</catalog><entry>lecture5.pdf</entry></identifier><title><string xml:lang="en">lecture5.pdf</string></title><language>en</language></general><lifeCycle><contribute><role><source>LOMv1.0</source><value>author</value></role><entity>BEGIN:VCARD
FN:admin
END:VCARD</entity><date><dateTime>2008-01-31T21:03:59</dateTime></date></contribute></lifeCycle><metaMetadata><identifier><catalog>http://localhost:8080/eduCommons/,ocw@cosl.usu.edu</catalog><entry>lecture5.pdf</entry></identifier><language>en</language></metaMetadata><technical><format>application/pdf</format><size>110453</size><location>http://localhost:8080/eduCommons/Electrical_and_Computer_Engineering/Error_Control_Coding/lecture5.pdf</location></technical><rights><copyrightAndOtherRestrictions><source>LOMv1.0</source><value>yes</value></copyrightAndOtherRestrictions></rights><eduCommons xmlns="http://cosl.usu.edu/xsd/eduCommonsv1.2"><objectType>File</objectType><license category="Site Default"/><clearedCopyright>true</clearedCopyright><accessible>false</accessible></eduCommons></lom></metadata><file href="Error_Control_Coding/lecture5.pdf"/></resource><resource href="Error_Control_Coding/7560course_image.jpg" identifier="RES29a6cc572ebbf643ea028aa690155275" type="webcontent"><metadata><lom xmlns="http://ltsc.ieee.org/xsd/LOM"><general><identifier><catalog>http://localhost:8080/eduCommons/</catalog><entry>7560course_image.jpg</entry></identifier><title><string xml:lang="en">Course Image</string></title><language>en</language></general><lifeCycle><contribute><role><source>LOMv1.0</source><value>author</value></role><entity>BEGIN:VCARD
FN:admin
END:VCARD</entity><date><dateTime>2008-01-31T21:03:58</dateTime></date></contribute></lifeCycle><metaMetadata><identifier><catalog>http://localhost:8080/eduCommons/,ocw@cosl.usu.edu</catalog><entry>7560course_image.jpg</entry></identifier><language>en</language></metaMetadata><technical><format>image/jpeg</format><size>115819</size><location>http://localhost:8080/eduCommons/Electrical_and_Computer_Engineering/Error_Control_Coding/7560course_image.jpg</location></technical><rights><copyrightAndOtherRestrictions><source>LOMv1.0</source><value>yes</value></copyrightAndOtherRestrictions></rights><eduCommons xmlns="http://cosl.usu.edu/xsd/eduCommonsv1.2"><objectType>File</objectType><license category="Site Default"/><clearedCopyright>true</clearedCopyright><accessible>false</accessible></eduCommons></lom></metadata><file href="Error_Control_Coding/7560course_image.jpg"/></resource><resource href="Error_Control_Coding/readingassgn.ps" identifier="RES36c2c7e62df14007e62754c508c58daf" type="webcontent"><metadata><lom xmlns="http://ltsc.ieee.org/xsd/LOM"><general><identifier><catalog>http://localhost:8080/eduCommons/</catalog><entry>readingassgn.ps</entry></identifier><title><string xml:lang="en">Reading Assignment</string></title><language>en</language></general><lifeCycle><contribute><role><source>LOMv1.0</source><value>author</value></role><entity>BEGIN:VCARD
FN:admin
END:VCARD</entity><date><dateTime>2008-01-31T21:03:59</dateTime></date></contribute></lifeCycle><metaMetadata><identifier><catalog>http://localhost:8080/eduCommons/,ocw@cosl.usu.edu</catalog><entry>readingassgn.ps</entry></identifier><language>en</language></metaMetadata><technical><format>text/xml</format><size>22042</size><location>http://localhost:8080/eduCommons/Electrical_and_Computer_Engineering/Error_Control_Coding/readingassgn.ps</location></technical><rights><copyrightAndOtherRestrictions><source>LOMv1.0</source><value>yes</value></copyrightAndOtherRestrictions></rights><eduCommons xmlns="http://cosl.usu.edu/xsd/eduCommonsv1.2"><objectType>File</objectType><license category="Site Default"/><clearedCopyright>true</clearedCopyright><accessible>false</accessible></eduCommons></lom></metadata><file href="Error_Control_Coding/readingassgn.ps"/></resource><resource href="Error_Control_Coding/img6.png" identifier="RESc976b5ba8f03c5cc8f23aeb38fe49f70" type="webcontent"><metadata><lom xmlns="http://ltsc.ieee.org/xsd/LOM"><general><identifier><catalog>http://localhost:8080/eduCommons/</catalog><entry>img6.png</entry></identifier><title><string xml:lang="en">img6.png</string></title><language>en</language></general><lifeCycle><contribute><role><source>LOMv1.0</source><value>author</value></role><entity>BEGIN:VCARD
FN:admin
END:VCARD</entity><date><dateTime>2008-01-31T21:03:59</dateTime></date></contribute></lifeCycle><metaMetadata><identifier><catalog>http://localhost:8080/eduCommons/,ocw@cosl.usu.edu</catalog><entry>img6.png</entry></identifier><language>en</language></metaMetadata><technical><format>image/png</format><size>188</size><location>http://localhost:8080/eduCommons/Electrical_and_Computer_Engineering/Error_Control_Coding/img6.png</location></technical><rights><copyrightAndOtherRestrictions><source>LOMv1.0</source><value>yes</value></copyrightAndOtherRestrictions></rights><eduCommons xmlns="http://cosl.usu.edu/xsd/eduCommonsv1.2"><objectType>Image</objectType><license category="Site Default"/><clearedCopyright>true</clearedCopyright><accessible>false</accessible></eduCommons></lom></metadata><file href="Error_Control_Coding/img6.png"/></resource><resource href="Error_Control_Coding.html" identifier="RES67ed89a8740f54c5ff2d069af4cd06d5" type="webcontent"><metadata><lom xmlns="http://ltsc.ieee.org/xsd/LOM"><general><identifier><catalog>http://localhost:8080/eduCommons/</catalog><entry>Error_Control_Coding</entry></identifier><title><string xml:lang="en">Error Control Coding</string></title><language>en</language><description><string xml:lang="en">We will explore the theoretical and historical motivation behind modern error control coding, particularly algebraic block coding. Linear codes, both block and convolutional, will be introduced, followed by a description of the algebraic tools necessary to describe and implement Reed-Solomon codes. Modern algrebraic concepts including Galois fields will be presented, along with circuit implementations. Also, convolutional codes and trellis-coded modulation will be covered, along with the Viterbi algorithm for decoding. Low-density parity check codes and Turbo codes will be covered, as time permits. Much of the learning will be expressed in formal (theorem/proof) format to develop rigor.</string></description><keyword><string xml:lang="en">control</string><string xml:lang="en">coding</string><string xml:lang="en">engineering</string><string xml:lang="en">computer</string><string xml:lang="en">electrical</string><string xml:lang="en">error</string></keyword></general><lifeCycle><contribute><role><source>LOMv1.0</source><value>author</value></role><entity>BEGIN:VCARD
FN:admin
END:VCARD</entity><date><dateTime>2009-12-09T06:07:02</dateTime></date></contribute><contribute><role><source>LOMv1.0</source><value>unknown</value></role><entity>BEGIN:VCARD
FN:Prof. Todd K. Moon
END:VCARD</entity><date><dateTime>2009-12-09T06:07:02</dateTime></date></contribute></lifeCycle><metaMetadata><identifier><catalog>http://localhost:8080/eduCommons/,ocw@cosl.usu.edu</catalog><entry>Error_Control_Coding</entry></identifier><contribute><role><source>LOMv1.0</source><value>creator</value></role><entity>BEGIN:VCARD
FN:Prof. Todd K. Moon
END:VCARD</entity><date><dateTime>2009-12-09T06:07:02</dateTime></date></contribute><metadataSchema>LOMv1.0</metadataSchema><language>en</language></metaMetadata><technical><format>text/html</format><size>1</size><location>http://localhost:8080/eduCommons/Electrical_and_Computer_Engineering/Error_Control_Coding/</location></technical><rights><copyrightAndOtherRestrictions><source>LOMv1.0</source><value>yes</value></copyrightAndOtherRestrictions></rights><eduCommons xmlns="http://cosl.usu.edu/xsd/eduCommonsv1.2"><objectType>Course</objectType><license category="Site Default"/><clearedCopyright>false</clearedCopyright><accessible>false</accessible><courseId>ECE7670</courseId><term>Spring 2006</term><displayInstructorEmail>false</displayInstructorEmail><instructorAsPrincipalCreator>true</instructorAsPrincipalCreator></eduCommons></lom></metadata><file href="Error_Control_Coding.html"/></resource></resources></manifest>